eroil,8aa6999e-cf8c-4648-8156-d1a57eeb70e0
dodobaggins,a5e95a8d-a699-405b-9e4c-38a3e2a05540
shsltrapdoor,e6124f23-7e5c-4e8b-8d36-83b57b9556c6
koragus,58df0149-c92d-4952-b74f-f1f7d540de04
butterninja15,c79a07f1-f640-4f69-95a2-3a72ab0b2069
rileyvibes,e081d5be-2938-4614-a3a4-f93b43d1476f
hippolytus_,e81fe3ab-aa8d-4f0f-912d-8a6c9017c4f1
vampsy,ff4e2e74-ad32-479e-8028-5f9a244cfb26
sir_gordonramsay,36b23594-7b47-423b-baca-e8ab99c11428
stephenminer,ddaf44a9-afa6-4e02-82bb-622c5ebcd38c
tfmmage2,87321ea3-29a8-43cb-ac2d-b19160cc5604
thestuffoflifeyt,5610eaae-7728-4a0d-99e4-e71e8301b8ae
gerzytet,cbc38958-5331-4b20-9063-e99f124e160e
yeetyoshi,9c945cf7-763e-42dc-b881-8c94210291f5
pointlessupdates,e6124f23-7e5c-4e8b-8d36-83b57b9556c6
30spence,0dbc4f12-8130-42e1-86d4-329e93c9fc21
tearsfromwinter,314f0611-fa4d-4e89-87bb-a77122329641
prokyth,628106b1-4705-421e-8c81-ec6ab5dad9ac
dwarfs_gold,1db3e756-7241-4eea-8e34-6c22004f9998
homeworkchild,9ab39a8e-f41a-4147-9435-5aad35156e9f
sirswammiekiller,7891a431-5165-4209-8baa-00c81419b30a
77mitchell77,2a0d4060-cac8-479e-ac81-c973c61fab33
king_pig_13,509954f5-82df-4d40-a78f-b92aac5600b4
theleafeonkid,f4d3af01-4cb8-46b2-88ba-23c8a9e55fb4
nero_dracix,fc14617c-b771-4e95-8664-f2620b63b88a
cowownavirus,5e635949-af0b-4363-a82e-935a476c5c72
sachepian,2f5ed1a6-5b82-484a-bdf3-fd7b7173924a
laplat,bc833f02-261c-4906-a2c0-92900715f16e
zephyr_frost,957cfc19-892b-4987-a26c-594f0b1d9ac5
furretwalc,8dbc3c8c-7aca-48dc-ba24-2771f031e0ef
bouncinbootybeth,8c9a6926-cc2f-4fe3-9d2a-961816e3bfd6
the_tridens,fdfe9091-97de-495e-8a31-08ec9d454ae9
